claim_id,claim,theorem_or_lemma,proof_or_checker,source_or_test,experiment,figure_or_table,raw_result,maturity,fresh_recheck
C01,"Exact must-evidence, per-coordinate cost and path effects; ownership",Theorem 2.2,proofs/finite-programs.md;src/schema.py,tests/test_certificates.py,Included serial finite campaign,none,results/current/tests.log,written-proof;finite-checked,"Source-backed retained run plus final clean-extraction replay; written proof self-audit, not independent review"
C02,"Preorder, observable equality and cost bounds; contextual replacement needs full reachable interface",Theorems 2.4-2.5,proofs/finite-programs.md,tests/test_certificates.py,Included serial finite campaign,none,results/current/tests.log,written-proof;finite-checked,"Source-backed retained run plus final clean-extraction replay; written proof self-audit, not independent review"
C03,Minimal support-world cover and finite positive/negative general certificates,Theorems 3.2-3.5,proofs/finite-programs.md;src/graph_replay.py,tests/test_certificates.py;tests/test_targeted_repairs.py;experiments/campaign.py,Included serial finite campaign,Figure 1,results/current/graphs.json;results/current/graph-pairs.csv;results/current/supports.json;results/current/tests.log,written-proof;finite-checked,"Source-backed retained run plus final clean-extraction replay; written proof self-audit, not independent review"
C04,Exact one-attempt comparability/absorption criterion and two-outcome counterworld,Theorem 4.2 and Corollary 4.4,proofs/retry-theorems.md;src/retry_replay.py,experiments/campaign.py,Included serial finite campaign,none,results/current/cutoff.json;results/current/uniform-cutoffs.csv,written-proof;finite-checked,"Source-backed retained run plus final clean-extraction replay; written proof self-audit, not independent review"
C05,Packet equality suffices for fixed-charge two-sided retry relation,Lemma 5.2,proofs/cutoff-certificates.md,tests/oracle.py;experiments/campaign.py,Included serial finite campaign,Table 2,results/current/grid-0.json;results/current/grid-1.json;results/current/grid-2.json;results/current/grid-3.json,written-proof;finite-checked,"Source-backed retained run plus final clean-extraction replay; written proof self-audit, not independent review"
C06,Adjacent-horizon equivalence and deterministic small-world counterexamples,Theorems 5.3-5.4,proofs/cutoff-certificates.md;src/retry_replay.py,experiments/campaign.py,Included serial finite campaign,none,results/current/cutoff.json;results/current/uniform-cutoffs.csv,written-proof;finite-checked,"Source-backed retained run plus final clean-extraction replay; written proof self-audit, not independent review"
C07,Sharp rank bound and upper-interval cutoffs,Section 5 rank and interval results,proofs/cutoff-certificates.md;src/retry_replay.py,tests/test_certificates.py;experiments/campaign.py,Included serial finite campaign,none,results/current/cutoff.json;results/current/tests.log,written-proof;finite-checked,"Source-backed retained run plus final clean-extraction replay; written proof self-audit, not independent review"
C08,Local parent/inequality distance certificates are exact; no binary-H unfolding,Theorems 6.1-6.3,proofs/cutoff-certificates.md;src/retry_replay.py,tests/test_certificates.py;experiments/campaign.py,Included serial finite campaign,Table 1,results/current/larger-cases.json;results/current/binary-horizons.json,written-proof;finite-checked,"Source-backed retained run plus final clean-extraction replay; written proof self-audit, not independent review"
C09,Exact symbolic retry worst resource vector under fixed nonnegative charges,Theorem 5.7 (Attained worst vector),proofs/retry-theorems.md,tests/oracle.py;tests/test_targeted_repairs.py;experiments/campaign.py,Included serial finite campaign,none,results/current/worst-cost-branches.json;results/current/tests.log,written-proof;finite-checked,Three formula branches compared with independently enumerated terminal trace costs; written proof not mechanized or independently reviewed
C10,Least valid cutoff by positive endpoint and negative predecessor; binary search cost,Theorem 6.5,proofs/least-cutoff.md;src/cutoff_replay.py,tests/test_least.py,Included serial finite campaign,none,results/current/examples.json;results/current/tests.log,written-proof;finite-checked,"Source-backed retained run plus final clean-extraction replay; written proof self-audit, not independent review"
C11,Bounded retry-to-DAG adapter represents identical finite traces,Theorem 6.4 (Exact bounded expansion),proofs/finite-programs.md;src/adapter.py,src/adapter.py;tests/test_certificates.py;tests/test_targeted_repairs.py,Included serial finite campaign,none,results/current/tests.log,written-proof;finite-checked,"Exact bounded traces plus strict target-horizon, real module/outcome boundaries, and a reduced-ceiling node off-by-one test; written proof not mechanized or independently reviewed"
C12,Erasing exhaustion evidence invalidates the adjacent-horizon reduction,Proposition 8.1 boundary,proofs/boundaries.md,tests/oracle.py;tests/test_targeted_repairs.py;experiments/campaign.py,Included serial finite campaign,none,results/current/observation-erasure.json;results/current/tests.log,written-proof;finite-checked,Three-atom projected observation executes adjacent pass and H=3/K=1 failure; general proof not mechanized or independently reviewed
C17,Changing the shared-world interface invalidates the fixed-world generalization,Section 8 changed-world boundary,proofs/boundaries.md,proofs/boundaries.md,No computation claimed for this written counterargument,none,not-applicable,written-proof,"Written proof artifact-only self-audit; not finite-checked, mechanized, or independently reviewed"
E01,82620 contracts; 413100 executions; 826200 cost/packet comparisons with no disagreement,Section 7 grid,tests/oracle.py,experiments/campaign.py,Included serial finite campaign,Table 2,results/current/grid-0.csv;results/current/grid-1.csv;results/current/grid-2.csv;results/current/grid-3.csv,finite-checked,"Source-backed retained run plus final clean-extraction replay; written proof self-audit, not independent review"
E02,40804 ordered pairs; 682 valid and 40122 invalid; all agree,Section 7 graphs,src/graph_replay.py;tests/oracle.py,experiments/campaign.py,Included serial finite campaign,none,results/current/graph-pairs.csv;results/current/graphs.json,finite-checked,"Source-backed retained run plus final clean-extraction replay; written proof self-audit, not independent review"
E03,816 generated cases; 67744 worlds; no disagreement,Section 7 larger cases,tests/oracle.py,experiments/campaign.py,Included serial finite campaign,Table 3,results/current/larger-cases.json;results/current/larger.json,finite-checked,"Source-backed retained run plus final clean-extraction replay; written proof self-audit, not independent review"
E04,At H12 explicit certificate 1081130 bytes versus 60; representation only,Section 7 scaling,src/adapter.py,experiments/campaign.py,Included serial finite campaign,Figure 2,results/current/encoding-scaling.csv;results/current/scaling.json,measured,"Source-backed retained run plus final clean-extraction replay; written proof self-audit, not independent review"
E05,100 tests pass in ordinary and optimized execution,Section 7 negative controls,tests/test_certificates.py;tests/test_least.py,tests/test_certificates.py;tests/test_least.py;tests/test_targeted_repairs.py;reproduce.py,Included serial finite campaign,none,results/current/tests.log;results/current/optimized-tests.log,finite-checked,"Source-backed retained run plus final clean-extraction replay; written proof self-audit, not independent review"
E06,Twelve serial retained tasks successful; CPU/RSS observations are diagnostic,Section 7 reproduction,reproduce.py,reproduce.py,Included serial finite campaign,none,results/current/execution-summary.json,measured,"Source-backed retained run plus final clean-extraction replay; written proof self-audit, not independent review"
B01,44 scholarly citations; declared TOPLAS sample reference median40.5,Literature calibration; not a venue rule,audit.py,literature/calibration.csv;literature/bibliography-audit.csv,Included serial finite campaign,none,literature/influential-selection.csv,source-checked,"Source-backed retained run plus final clean-extraction replay; written proof self-audit, not independent review"
C13,"Explicit support-cover problem is coNP-complete, already for binary alphabets",Theorem 3.6,proofs/finite-programs.md,proofs/finite-programs.md,No computation needed for this written argument,none,not-applicable,written-proof,Written proof artifact-only self-audit; not mechanized or independently reviewed
C14,Producer challenge ordering yields conditional shortestness; negative replay does not certify optimality,Proposition 3.7,proofs/finite-programs.md;src/graph_producer.py,proofs/finite-programs.md,No computation needed for this written argument,none,not-applicable,written-proof,Written proof artifact-only self-audit; not mechanized or independently reviewed
C15,Consistent bijective renaming preserves and reflects refinement; observable projection preserves it only,Proposition 2.6,proofs/finite-programs.md,proofs/finite-programs.md,No computation needed for this written argument,none,not-applicable,written-proof,Written proof artifact-only self-audit; not mechanized or independently reviewed
C16,Compatible support-cylinder deletion preserves one fixed cover obligation,Proposition 3.4,proofs/finite-programs.md,proofs/finite-programs.md,No computation needed for this written argument,none,not-applicable,written-proof,Written proof artifact-only self-audit; not mechanized or independently reviewed
