key,group,read_edition,full_text_url,read_pages,reference_count,main_sections,problem_principle,evidence_practical_connection,artifact_boundary,narrative_figure_roles,reading_provenance
clarke1986,TOPLAS;influential,publisher copy 20 pages,https://www.cs.cmu.edu/~emc/papers/Papers%20In%20Refereed%20Journals/Automatic%20verification%20of%20finite-state%20concurrent%20systems%20using%20temporal%20logic%20specifications.pdf,1-20,19,7,Finite-state temporal correctness via CTL state labeling,Inductive algorithm proof and 251-state alternating-bit protocol,EMC transcript; no modern artifact rerun,Problem and CTL then algorithms fairness extensions and protocol; state diagrams and transcript,Retained full-text reading record; edition and closest-work comparisons reconciled during current continuation
kozen1997,TOPLAS;influential,author copy 17 pages; incorrect generic header not publication year,https://www.cs.cornell.edu/~kozen/Papers/kat.pdf,1-17,40,4,Equational transformations with Boolean tests and commutation assumptions,One-loop normal form proof and transformation cases,Written algebraic proof; no implementation evaluation,Algebra before worked conditional nested-loop and composition proofs; displayed calculations rather than empirical plots,Retained full-text reading record; edition and closest-work comparisons reconciled during current continuation
barthe2009,TOPLAS,author manuscript 44 pages; publication 45 pages,https://www-sop.inria.fr/everest/Tamara.Rezk/publication/certificateTranslation.pdf,1-44,39,6,Transport source certificates through optimizations using certified analyses and proof algebra,RTL proof-obligation preservation and eight named optimization subsections,Abstract sound proof algebra assumed; broad practical case-study evaluation proposed not reported,Architecture then language VCGen baseline transformations and comparison; one pipeline plus formal rule figures,Retained full-text reading record; edition and closest-work comparisons reconciled during current continuation
lamport1994,TOPLAS;influential,author-hosted copy 52 pages; generic 1993 header is not final 1994 publication,https://lamport.azurewebsites.net/pubs/lamport-actions.pdf,1-52,34,10,Refinement by implication in stuttering-invariant temporal formulas,Proof rules hiding and a cache refinement example,Reported LP support excludes Enabled checking; not rerun,Definitions build toward worked implementation proof; rules and specifications not performance graphs,Retained full-text reading record; edition and closest-work comparisons reconciled during current continuation
eilers2020,TOPLAS,author manuscript 38 pages; journal 37 pages,https://pm.inf.ethz.ch/publications/EilersMuellerHitz19.pdf,1-38; substantive section-led reading including all three evaluation tables,41,9,Modular k-safety through activation-variable products,Soundness and completeness; 24 information-flow and 34 comparator examples plus eight expansions,Viper implementation; manual contracts and invariants; backend differences; not rerun,Language product metatheory information flow implementation comparison; rule figures and timing tables,Retained full-text reading record; edition and closest-work comparisons reconciled during current continuation
hoffmann2012,TOPLAS,author manuscript 62 pages; generic 2011 header not final 2012 date,https://www.cs.cmu.edu/~janh/assets/pdf/HoffmannAH12.pdf,1-62; section-led reading with soundness and limitations examined,57,11,Multivariate potential yields compositional polynomial resource bounds,Type soundness; LP inference; nine tabled functions and five detailed examples,RAML prototype; inference incomplete; polynomial basis and degree constraints; not rerun,Examples semantics potential typing inference evaluation limits comparison; rules and predicted-versus-observed plots,Retained full-text reading record; edition and closest-work comparisons reconciled during current continuation
ganty2012,TOPLAS,arXiv:1011.0551v3 author manuscript 46 pages; publication 2012,https://arxiv.org/pdf/1011.0551v3,1-46; section-led reading of model reductions liveness extensions and appendix; not a proof reimplementation,44,8,Finite-data asynchronous control retains unbounded stacks and task multisets,Polynomial Petri-net reductions; sharp verification complexity and cancellation boundaries,Theory; implementation is prior work and future application not a new benchmark,Callback examples formal language model reduction verification extensions; code-reduction figures and appendix proofs,Retained full-text reading record; edition and closest-work comparisons reconciled during current continuation
lamport2022,TOPLAS,author manuscript dated 22 June 2020; 33 pages versus 27 published,https://lamport.azurewebsites.net/pubs/simple.pdf,1-33,13,7,Refinement mappings with history prophecy and stuttering variables,Sequence and set prophecies; snapshot linearizability; completeness sketch,TLA+ example checks reported by authors; not rerun here,Behavior and stuttering setup then mappings auxiliary variables snapshot and completeness; specification figures,Retained full-text reading record; edition and closest-work comparisons reconciled during current continuation
gordon2021,TOPLAS,arXiv 1808.02010 final author edition; 79 pages,https://arxiv.org/pdf/1808.02010v6,1-79,107,13,Partial effect quantales support sequential composition polymorphism value dependence and iteration,Generic syntactic and interpreted safety proofs; multiple established effect-system instances,No concurrent-language race-freedom theorem; safety rather than arbitrary liveness; no benchmark rerun,Concrete effects to algebra iteration polymorphism and metatheory; operator tables and formal comparison; appendix records corrections,Retained full-text reading record; edition and closest-work comparisons reconciled during current continuation
rinard1997,TOPLAS,author copy 47 article pages and one supplement-description page,https://people.csail.mit.edu/rinard/paper/toplas97.pdf,1-48,62,9,Check commuting operations rather than syntactically disjoint accesses to expose parallelism,Call-chain correctness argument and compiler on Barnes-Hut Water and String,Three complete applications and overhead decomposition reported; original compiler and DASH experiments not rerun,Example then formal analysis algorithms compiler performance and limits; code figures plus timings coverage and overhead tables,Retained full-text reading record; edition and closest-work comparisons reconciled during current continuation
garcia2014,TOPLAS,publisher article 44 pages including formal appendices,https://pleiad.cl/papers/2014/garciaAl-toplas2014.pdf,1-44,35,6,Typestate as changing object representation with permission-based static and gradual checking,FT preservation/progress and erasure simulation; GFT translation soundness and correspondence,Core calculus foundations rather than empirical throughput benchmark; no proof-assistant claim inferred,Examples then static calculus gradual extension correspondence and discussion; inference-rule figures and appendices,Retained full-text reading record; edition and closest-work comparisons reconciled during current continuation
cheng2026,TOPLAS,arXiv 2404.17297v3; published March 2026; 65 pages,https://arxiv.org/pdf/2404.17297v3,1-65,79,13,Denotational behavior refinement algebras and fixed-point semantic linking for compositional compilation,Rocq development for CompCert front-end plus trace-enriched constant propagation and dead-code elimination,Existing CompCert initialization and memory-release proofs reused; undecidable infinity equations not automatically solved; no rerun,Motivation semantic algebras language definitions refinement proofs compilation comparison automation and limits; semantic structures and comparison diagrams,Retained full-text reading record; edition and closest-work comparisons reconciled during current continuation
benton2004,adjacent;influential,"author-hosted POPL paper, 12 pages",https://www.microsoft.com/en-us/research/wp-content/uploads/2016/02/correctnesspopl2004.pdf,1-12,36,6,Relational correctness jointly explains analyses and transformations through a relational Hoare logic,Semantic soundness and worked transformations; not measured performance,Written proof; loop removal except unrolling not established; no tool benchmark inferred,Motivation examples language logic applications extensions; six inference/program figures,Primary full text read in current continuation; not a benchmark rerun
antonopoulos2019,adjacent,arXiv:1903.07213 extended author paper 30 pages; generic PL18 header ignored,https://arxiv.org/pdf/1903.07213,1-30 including technical appendix,36,9,Trace refinement with restrictions and hypotheses via Kleene algebra with tests,Compositional inference and Knotical evaluation of 37 benchmarks as reported by authors,OCaml tool reported; no rerun; not shared-world cost-packet equivalence,Examples then specification inference soundness implementation evaluation; relations derivations and timing tables,Primary full text read in current continuation; not a benchmark rerun
lopes2021,adjacent,author-hosted PLDI paper 15 pages,https://web.ist.utl.pt/nuno.lopes/pubs/alive2-pldi21.pdf,1-15,52,10,Translation validation checks LLVM optimizations using bounded symbolic reasoning,LLVM semantics and SMT encoding; compiler-test/bug evaluation reported in 2021,Alive2 bounded loop scope; authors report 47 bugs with 28 fixed at publication; not a current bug census and not rerun,Motivation LLVM semantics refinement encoding validation evaluation limits; code examples tables and performance plots,Primary full text read in current continuation; not a benchmark rerun
smolka2020,adjacent,arXiv:1907.05920 expanded 58-page author edition; published paper 28 pages,https://arxiv.org/pdf/1907.05920,"1-58, section-led main text and appendices",51,9,Guarded algebra supports efficient equivalence for uninterpreted structured programs,Automata construction Kleene correspondence bisimulation and axiomatization; nearly-linear bound assumes fixed tests,Language-model completeness uses uniqueness condition; no empirical rerun; state/test dimensions distinguished,Semantics axioms automata equivalence completeness coalgebra comparison; automaton and inference figures,Primary full text read in current continuation; not a benchmark rerun
appel2001,adjacent;influential,author-hosted LICS preprint 10 pages; published page interval 247-258 from author follow-on bibliography,https://www.cs.princeton.edu/~appel/papers/fpcc.pdf,1-10,22,7,Reduce policy-specific PCC trust by deriving code safety from a foundational logic,Semantic machine/type reasoning and foundational proof architecture,Not this project's proof assistant; original paper includes unfinished system directions,Trust problem machine semantics safety types proof structure implementation directions; formal rules and semantic examples,Primary full text read in current continuation; not a benchmark rerun
